ID,Timestamp,Date,Customer Name,PM Name,Attendees,Notes Preview,Next Actions Count,Has Thread
"1768811097.368169","1768811097.368169","* 2026-01-15","State of Washington*","Satya Deep Maheshwari","W4XTCQ07J;W4RU4N66R;W4RRL6DDY","* Generated by AI. Make sure to check for accuracy. Meeting notes: • *XFT to Adaptive Forms Migration Process:* Paul provided Vijay Kumar, Sudhanshu, and Satya Deep with a comprehensive overview of th","3","true"
"1768453320.359949","1768453320.359949","* 2026-01-14","S&amp;P Global*","Sudhanshu Singh","W6CBB4953;WLWHN4TV3;W5HEU5M7Y","* • High level overview of the opportunities was shared • S&amp;P Global is moving from AMS to CS - including a division - which is separating from the org - and would be moving to EDS forms (June-Sep","3","true"
"1768452083.682849","1768452083.682849","* 2026-01-14","Optum*","Vijay Kumar Jalagari","W5HEU5M7Y;W4XTCQ07J;W4RU4N66R","* _AI-generated content. Make sure to check for accuracy._ *Key Topics:* • *Introduction:* Arun, Chmelik Aaron, Vijay Kumar, and Sudhanshu introduced themselves and their roles. The meeting aimed to d","6","true"
"1768451922.332899","1768451922.332899","* 2026-01-12","BMW Attrition Risk Mitigation (With Eggs)*","Vijay Kumar Jalagari","W4RU4N66R;W5HEU5M7Y","* _AI-generated content. Make sure to check for accuracy._  *Key Topics:* • *Introduction:* Arun, Martin, Christoph, and Sven discussed the decision to stop using EM forms and replace them with a cust","6","false"
"1768367896.017359","1768367896.017359","* 2026-01-13","LPL*","Gaurav Ahuja","W4RU5J3JR;W4RU708G5","* • *Bulk Migration Need:* Customer highlighted the urgency to migrate ~1900 RIA forms from DocuSign to AEM; manual conversion (~2 hrs/form) is not scalable. • *Batch API Approach:* Engineering outlin","4","true"
"1767941642.953959","1767941642.953959","* 2026-01-09","Fidelity Stock Plan Services*","Mahendra Bijarniya","WAKE92QE4;W4SGUV6R5","* • *Requirement* - Fidelity Stock Plan Services has a requirement to migrate to the latest versions of Windows Server, Microsoft Office, and Adobe Acrobat. With the newly supported Microsoft Office 2","2","true"
"1767793373.896409","1767793373.896409","* 2026-01-07","MoD (Ministry of Defence) UK - Client Demo*","Darshan Mahor","W4R4VBWQG;W4RU5J3JR;U03Q109GQMT;W010NNJV7S8","* _AI-generated content may be incorrect_ *Meeting notes* • *PDF to XDP Conversion Issues and Troubleshooting:* Tano described challenges encountered when converting legacy PDFs to XDP files using exp","3","true"
"1767779861.747509","1767779861.747509","* 2026-01-06","LPL*","Gaurav Ahuja","W4RU708G5;W4RU5J3JR","* • 3-4 GenAI converted forms are in QA phase and should be live in some time. 2 others are in progress. • LPL is looking to build more forms this year and will onboard more members from their operati","0","true"
"1767774077.405919","1767774077.405919","* 2026-01-06","UK Client MoD (Ministry of Defence)*","Darshan Mahor","W4R4VBWQG","* • *Migration of Ministry of Defence Forms to AM Forms Cloud Service:* Tano Polizzi and Darshan Mahor discussed the opportunity to migrate the UK Ministry of Defence's legacy on-premises forms system","4","false"
"1767606144.777479","1767606144.777479","* 2025-12-18","Verizon*","Sufyan Haroon","W5HEU5M7Y;U059FVAGHB4","* • *Overview of Adobe AEM Forms Value Proposition:* Melissa, Mark, and Jared from Adobe provided Sunil, Williams-VZ, Ani, Kiran, and the Verizon team with a comprehensive overview of the value propos","4","false"
"1766506195.165989","1766506195.165989","* 2025-12-23","Medtronic Inc*","Sakshi Arora","W4SG81T9C;WGVFDSK18","* This was for an escalated issue, where the customer's SQL server connection is getting dropped and sometimes returning too many requests. On analysis it was found that their custom servlet was estab","0","true"
"1766490510.217959","1766490510.217959","* 2025-12-22","HDFC Bank*","Vijay Kumar Jalagari","","* _AI-generated content. Make sure to check for accuracy._ *Meeting Notes* • *Sprint Dashboard &amp; KPI Alignment*: Vijay presented a new dashboard for sprint tracking, focusing on outcome goals, bas","7","false"
"1765977115.742489","1765977115.742489","* 2025-12-16","Komatsu*","Sakshi Arora","W4SG81T9C;W4XTCQ07J","* Delivered a private release, which the customer said selectively worked. On the call, we pointed out incorrect configuration. Customer rectified it, and validated things to be working as desired.  P","0","false"
"1765972821.635309","1765972821.635309","* 2025-12-16","LPL*","Gaurav Ahuja","W4RU708G5;W4RU5J3JR","* • *Slow Deletion Performance:* Customer reported slow/unresponsive deletion of text fields; Engineering identified a slow `references` network call as the likely cause. • *Diagnosis &amp; Workaround","3","true"
"1765931489.292819","1765931489.292819","* 2025-12-16","Brunswick*","Shraddha Singh","U06NF880220","* *Form Go-Live Status and Next Steps:* Heidi Reinke confirmed to Shraddha that the form is live on production in a test state, outlined the steps to move it to the final page, and agreed to share bot","0","false"
"1765378376.520859","1765378376.520859","* 2025-12-10","smartdoctech - James Terry*","Darshan Mahor","W4R4VBWQG","* • James is new to this cloud deployment pipeline approach, so I walked him through the AEM archetype and the process for deploying code to AEM. • I gave him a demo of the IC on Cloud feature, includ","2","true"
"1765371354.813939","1765371354.813939","* 2025-12-10","South Africa Reserve Bank*","Sakshi Arora","W4SG81T9C;U02HBGTSREF","* *Context*: Customer came with requirement of *34K fields in a form* (AF1)  Meeting notes: • *Migration from Foundation to Core Component Based Forms:* Sakshi and Amit explained the process and resul","0","true"
"1765292186.526739","1765292186.526739","* 2025-12-09","Brunswick*","Mayank Agarwal","U06NF880220;U0213T59LMN","* • *Mercury Marine Forms Deployment Status:* Andy updated Mayank, Heidi, Mark, and the team on the progress of Mercury Marine forms deployment, noting that production testing is underway, styling cha","6","false"
"1764149604.281159","1764149604.281159","* 2025-11-25","Carpenter*","Sakshi Arora","W4SG81T9C;U06NF880220;U05TSNKRNP8","* Generated by AI. Make sure to check for accuracy. Meeting notes: • *Azure SQL Server Connectivity and Regional Restrictions:* Sakshi, Randy Reisling, and Shraddha discussed ongoing issues with conne","0","false"
"1764149465.423279","1764149465.423279","* 2025-11-25","Verizon*","Vijay Srivastva","WE163TH43;W4R5LUPK3;W9QMZFR39;W5HEU5M7Y;W010NNJV7S8","* *Meeting Summary – Verizon Discussion on Document Generation and AEM Capabilities*  *Current Vendor Landscape and Business Need* • *Verizon* is currently operating as an on-premise site customer. • ","6","true"
"1764136037.917299","1764136037.917299","* 2025-11-25","Brunswick*","Mayank Agarwal","U06NF880220;U0213T59LMN","* • *Project Status and Migration Challenges:* Andy provided an update on the project's current state, highlighting issues encountered during the migration from QA to stage, particularly with form nam","7","false"
"1764135866.061899","1764135866.061899","* 2025-11-25","LPL*","Gaurav Ahuja","U0213T59LMN;W4RU5J3JR;W4RU708G5","* • *AFV2 Guidebridge Enhancement:* Engineering deployed a private build enhancing guidebridge that enables the use-case of multiple forms on a single page; Customer to validate functionality. • *Vali","2","true"
"1764090684.923759","1764090684.923759","* 2025-11-25","Fidelity Stock Plan Services*","Mahendra Bijarniya","WAKE92QE4;W9QMZFR39","* Fidelity Stock Plan Services run a single AEM Publish instance with the AEM Forms add-on on Windows Server that also hosts Microsoft Office and Acrobat required to support of PDF generation. *Requir","2","true"
"1764046139.663049","1764046139.663049","* 2025-11-24","James Terry - smartdoctech*","Darshan Mahor","W9QMZFR39;W4R4VBWQG","* • James provided overview that he has implemented AEM Forms Core Components on his site and published a 5‑minute overview video of AEM Forms capabilities. <https://www.youtube.com/watch?v=gRuqGc-5cm","2","true"
"1763529691.340699","1763529691.340699","* 2025-11-18","LPL*","Gaurav Ahuja","W4RU5J3JR;W4RU4N66R;W4RU708G5","* • *Multiple Form Loading:* Customer facing issues loading multiple forms in the same division due to missing unload function in AF2, causing event listener conflicts. • *Event Handling:* Engineering","6","false"
"1763529026.443209","1763529026.443209","* 2025-11-19","Carpenter*","Sakshi Arora","W4SG81T9C;U06NF880220;U05TSNKRNP8","* Generated by AI. Make sure to check for accuracy. Meeting notes: • *Azure SQL Database Connectivity Troubleshooting:* Randy, Sakshi, Chad, Tim, and Speaker 1 collaborated to diagnose intermittent co","6","false"
"1763008572.322029","1763008572.322029","* 2025-11-10","UPS*","Shraddha Singh","U0213T59LMN;U06NF880220;U07NSQ497C4","* • Meeting was scheduled by Michael for discussing all the open queries of UPS. In that one story they were interested was Certificate based authentication of Onedrive. • Current implemented changes ","1","false"
"1762939436.325349","1762939436.325349","* 2025-11-10","Brunswick*","Shraddha Singh","U06NF880220;U0213T59LMN","* *Meeting notes*  *AEM Forms Local Development Environment Setup:* Christy, Mayank, Andy, and Shraddha discussed and collaboratively worked through the step-by-step process for setting up AEM Forms o","0","false"
"1762925843.256829","1762925843.256829","* 2025-11-11","LPL Financials*","Mayank Agarwal","W4RU5J3JR;W4RU708G5;U0213T59LMN","* • *Form Validation and Prefix Path Issue:* Andy Doerr, Arneh, and Gaurav discussed ongoing issues with form validation failures and incorrect prefix paths in the application, with Gaurav guiding And","4","false"
"1762925718.072349","1762925718.072349","* 2025-11-11","Brunswick*","Mayank Agarwal","U0213T59LMN;U06NF880220","* • *Feature Toggle and Bundle Configuration for Local Development:* Christy, Mayank, and Shraddha discussed the process for enabling feature toggles in local development, confirming that uploading th","7","false"
"1762862276.317519","1762862276.317519","* 2025-11-10","Abbott*","Mahendra Bijarniya","W4R5WN6LR;W4WF2PALU;W5LLV6D18","* Abbott is encountering multiple conversion issues, as detailed in <https://wiki.corp.adobe.com/display/lc/PDF+Generator+Support+for+Office+2021+and+Acrobat+DC|this wiki page> , during their environm","2","true"
"1762793715.280409","1762793715.280409","* 2025-11-10","Ford*","Mahendra Bijarniya","W9QMZFR39;W5HEU5M7Y;W4R5LUPK3;W010NNJV7S8;U038XFD63GS","* Ford is planning to migrate their Interactive Communications (IC) from AEM Forms 6.5 to AEM Forms on CS. • Current Deployment and Environment Details:     ◦ Approximately 700 existing ICs.     ◦ Bat","2","true"
"1762512398.594299","1762512398.594299","* 2025-11-06","LPL Financial*","Chris J","W010NNJV7S8","* *Dynamic Client Letter Generation Use Case:* Naveen Sharma described the need to generate dynamic client letters reflecting account changes, and discussed with Chris how Adobe tools could support a ","0","true"
"1762496766.537899","1762496766.537899","* 2025-11-06","Brunswick*","Mayank Agarwal","U0213T59LMN","* • *Transition from Marketo to AEM Forms: Analytics Tracking:* Andy, Mayank, Heidi, Mark, and Jonathan discussed the transition from Marketo to AEM forms, focusing on ensuring analytics tracking (inc","7","false"
"1762407925.414709","1762407925.414709","* 2025-11-04","Mayo Clinic*","Sakshi Arora","W4SG81T9C;W5HEU5M7Y;W4RU4N66R","* Generated by AI. Make sure to check for accuracy. Meeting notes: • *Current Forms Environment and Integration Challenges:* Tony J Fenner, Stephen, Brad R Tuckner, and John described the current form","0","false"
"1762311254.939099","1762311254.939099","* 2025-11-04","Brusnwick*","Shraddha Singh","U06NF880220","* *ECID Deployment and Rule Editor Updates:* Shraddha, Christy, and Andy discussed the deployment status of the ECID code, with Christy confirming the ECID deployment is pending and planning to notify","0","false"
"1762237903.056619","1762237903.056619","* 2025-11-03","Carpenter*","Sakshi Arora","W4SG81T9C;U06NF880220;U05TSNKRNP8","* Generated by AI. Make sure to check for accuracy. Meeting notes: • *Azure SQL Database Integration and Networking Configuration:* Shraddha, Sakshi, Randy, and Chad Roberts discussed the technical re","0","true"
"1762139888.047429","1762139888.047429","* 2025-10-30","Brunswick*","Shraddha Singh","U06NF880220","* *ECID Function Deployment and Rule Modification:* Shraddha updated Andy and Joseph on the deployment of the new ECID async function, which will require a subsequent rule modification once Christy de","0","false"
"1762139700.650049","1762139700.650049","* 2025-10-28","Brunswick*","Shraddha Singh","U0213T59LMN;U06NF880220","* *Cloudflare Form Submission Routing and Security:* Andy Kluck, Christy, and Sarah Warzecha discussed the recent Cloudflare configuration that now globally routes form submissions correctly and block","0","false"
"1761800607.873069","1761800607.873069","* 2025-10-15","NFL*","Ravisanker E","W012PACNGHJ;W4RU4N66R;W5HEU5M7Y;U0213T59LMN","* This session was targeted at the marketing team at NFL.  • Introduced the AEM forms product offering and its various capabilities.  • Followed by a demo of authoring an already live NFL form in the ","0","false"
"1761722933.589879","1761722933.589879","* 2025-10-28","LPL*","Gaurav Ahuja","W4RU5J3JR;W4RU708G5;U0213T59LMN","* • *URL Rewriting Issue:* Customer reported embedded form failures caused by model.json paths not being rewritten properly through Cloudflare and AEM filters. • *Cloudflare Routing Rules:* Andy descr","4","false"
"1761627924.197009","1761627924.197009","* 2025-10-27","Carpenter*","Sakshi Arora","W4SG81T9C;W4XTCQ07J;U05TSNKRNP8","* Generated by AI. Make sure to check for accuracy. Meeting notes: • *Repository Structure and Code Walkthrough:* Sakshi provided an overview of the restructured repository for cloud deployment, expla","7","true"
"1761622645.845869","1761622645.845869","* 2025-10-17","Fedex-Freight*","Deep Dewanji","U02P8T2L0R5;W4RU4N66R","* Customer is creating a new business division , Fedex-Freight. They have accenture as their partner who are implementing the forms for them. They are looking into creating multiple forms. They have f","0","false"
"1761548178.630329","1761548178.630329","* 2025-10-24","Micron*","Navneet Agarwal","W4R4S9FS4;W4RU708G5;U0213T59LMN;W4RU4N66R;U03N27GAZDZ","* • *Current Forms Usage and Integration Plans:* Manju, Pavan Kumar Ainampudi, and Ashajyoti from the Micron team, along with Mayank, Vijay Kumar, and Anurag from the AM Forms team, discussed the curr","5","false"
"1761302429.679959","1761302429.679959","* 2025-10-23","Brunswick*","Mayank Agarwal","U06NF880220;W4SG81T9C;U0213T59LMN","* • *Testing and Validation of Custom Functions for ECID, FCLID, GCLID:* Andy, Mayank, Christy, and the team discussed ongoing testing of custom functions for ECID, FCLID, and GCLID, including the nee","8","false"
"1760938155.973389","1760938155.973389","* 2025-10-17","Maruti*","Sudhanshu Singh","W4R4S9FS4;W4XTCQ07J;WAM5KDYBZ","* Anurag, Sudhanshu and Khushwant visited the Maruti factory on Friday. We went to the Innovation Gym first where the Adobe team sites (~ 6-8 team members sit in that office). Some quick notes/pointer","3","true"
"1760934412.685319","1760934412.685319","* 2025-10-17","Carpenter*","Sudhanshu Singh","W4SG81T9C;W4XTCQ07J;U05TSNKRNP8;U0213T59LMN","* Meeting notes: • *Current Form Workflow and Demonstration:* Randy provided a detailed walkthrough of the current expenditure request form, explaining its workflow, user interactions, and technical l","6","true"
"1760934379.857719","1760934379.857719","* 2025-10-17","Carpenter*","Sakshi Arora","W4SG81T9C;W4XTCQ07J;U0213T59LMN;U05TSNKRNP8","* *Meeting notes*  *Current Form Workflow and Demonstration:* Randy provided a detailed walkthrough of the current expenditure request form, explaining its workflow, user interactions, and technical l","0","false"
"1760711241.211559","1760711241.211559","* 2025-10-17","Ford*","Sufyan Haroon","W9QMZFR39","* • Ford is eager to move to cloud service. They have a mandate to move to Cloud by 2027.  • They are eager to go for co-innovation and VIP to help them to move to cloud.  • <@W5HEU5M7Y>, they are exp","2","true"
"1760688547.214749","1760688547.214749","* 2025-10-16","LPL*","Gaurav Ahuja","W4RU708G5;W4RU5J3JR;U0213T59LMN;W4R5Y3YHX","* • *Batch Importer Demo:* <@W4R5Y3YHX> demonstrated the batch importer service for converting multiple PDFs to adaptive forms asynchronously with error tracking and output management. • *Feedback on ","5","false"
"1760593625.819359","1760593625.819359","* 2025-10-15","Carpenter*","Sudhanshu Singh","W4XTCQ07J;W4SG81T9C;WQ6GEBZHN;U0213T59LMN;W5HEU5M7Y","* *High level summary:* • Account is escalated - they have not been able to create the first form and want to go-live with the first form soon. They shared a list of issues in advance - and the same w","7","true"
"1760547174.065489","1760547174.065489","* 2025-10-14","Brunswick*","Mayank Agarwal","U06NF880220;W4SG81T9C;U0213T59LMN","* • *Dispatcher Pipeline Deployment Issues:* Mayank, Jonathan, and Andy discussed the deployment of dispatcher changes, with Jonathan explaining that although the latest updates were pushed, a pipelin","4","true"
"1760546957.315829","1760546957.315829","* 2025-10-14","LPL Financials*","Mayank Agarwal","U0213T59LMN;W4RU5J3JR;W4RU708G5","* • *Form Conversion Process and Binding Issues:* Arneh, Gaurav, Andy, and Mayank discussed the ongoing challenges and solutions related to converting forms, particularly focusing on binding issues, t","3","false"
"1760546749.825929","1760546749.825929","* 2025-10-14","Brightline*","Mayank Agarwal","U05TSNKRNP8;U0213T59LMN","* • *Producer Usability Challenges with Adobe Forms:* Katie Manarte, supported by Rebecca and Vince, raised concerns to Mayank and Harman about the complexity of configuring Adobe Forms for producers,","3","true"
"1760094837.281229","1760094837.281229","* 2025-10-09","LPL*","Gaurav Ahuja","U0213T59LMN;W4RU708G5;W4RU5J3JR","* • *Login Token Issue:* Customer investigating source of login token in metadata calls and will raise it in the upcoming support call with Adobe. • *Unbound Fields &amp; Batch Conversion:* Engineerin","5","false"
"1760073869.744429","1760073869.744429","* 2025-10-09","Brunswick*","Mayank Agarwal","U0213T59LMN;U06NF880220;W4SG81T9C","* • *AEM Form Publishing and Loading Issues:* Andy Kluck, Mayank, Sakshi, and others discussed persistent issues with AEM forms not loading on the published QA website, despite working in the editor a","6","false"
"1759980070.548739","1759980070.548739","* 2025-10-08","AstraZeneca*","Rahul Kumar Singh","WLWHN4TV3","* • Discussed form opportunities that were presented to them in our last meeting. • Devendran from AstraZeneca side mentioned that they had discussed these with their internal team. • He also stated t","0","true"
"1759918705.952969","1759918705.952969","* 2025-10-07","Brunswick*","Mayank Agarwal","U06NF880220;U0213T59LMN","* • *Form Integration Issues on Regional Pages:* Andy, Mayank, Speaker 1, and Christy discussed ongoing problems with embedding and displaying forms on the Australia and New Zealand regional pages, in","5","false"
"1759918620.082929","1759918620.082929","* 2025-10-07","Brightline*","Mayank Agarwal","U0213T59LMN;W5HEU5M7Y","* • *Adaptive Form Configuration and Bind Reference:* Katie Manarte raised questions about configuring adaptive forms, specifically regarding the use of bind references and schema integration, which M","3","false"
"1759905157.566889","1759905157.566889","* 2025-10-07","LPL*","Gaurav Ahuja","W4RU5J3JR;W4RU708G5;U0213T59LMN","* • *401/501 Errors:* Customer escalated the ticket and coordinating internally; Arneh investigated and raised API and middleware behavior causing cookies and login token conflicts.  • *Unbound Fields","5","false"
"1759743994.384419","1759743994.384419","* 2025-10-06","Continental Tires*","Rahul Kumar Singh","WLWHN4TV3","* • Presented *Forms opportunities* for the domain `<http://conti.com.br|conti.com.br>`. • Suggested *experimentation* with variations for *two of their forms*. • They are *currently accessing* the su","0","true"
"1759720674.127879","1759720674.127879","* 2025-10-03","KrisShop*","Rahul Kumar Singh","WLWHN4TV3","* • All ASO opportunities attended the meeting. • From forms side presented the experimental forms opportunity found for their newsletter subscription form. :todo_done: *","0","true"
"1759720571.470079","1759720571.470079","* 2025-10-01","AstraZeneca*","Rahul Kumar Singh","WLWHN4TV3","* • All ASO opportunities attended the meeting. • Presented the Forms opportunity for one of their forms. • The attendees showed interest based on their reactions. • They requested to run this audit o","1","true"
"1759302631.277869","1759302631.277869","* 2025-09-30","Brunswick*","Mayank Agarwal","U06NF880220;WQ6GEBZHN;W4XTCQ07J;U0213T59LMN","* • *AEM Form Integration and Hidden Fields Issue:* Andy Kluck, Mayank, Devendra, and Sudhanshu discussed the problem of hidden fields and conditional rules not transferring from the adaptive form to ","5","false"
"1759302140.947489","1759302140.947489","* 2025-09-30","LPL*","Gaurav Ahuja","W4RU5J3JR;W4RU708G5;U0213T59LMN","* • *Unbound Fields Report:* Customer discussed the need to identify fields that fail to bind during form conversion. Generating a consolidated report of these unbound fields will help the team perfor","7","false"
"1759295224.273769","1759295224.273769","* 2025-09-30","UPS*","Navneet Agarwal","W4R4S9FS4;W4RU4N66R;U03N27GAZDZ","* • *Overview of Forms Co-Innovation Program:* Anurag provided a comprehensive overview of the Forms Co-Innovation (VIP) program, explaining its purpose, selection criteria, phases, and the benefits f","3","true"
"1759242567.213609","1759242567.213609","* 2025-09-30","Brightline*","Mayank Agarwal","U0213T59LMN","* • *Challenges in Form Creation and AEP Integration:* Katie Manarte raised concerns about the complexity of creating forms and integrating them with Adobe Experience Platform (AEP), highlighting the ","3","false"
"1759241322.890699","1759241322.890699","* 2025-09-24","Altec (AFTIA)*","Mayank Agarwal","W4RU5J3JR;U0213T59LMN","* • AFTIA presented the current state of the use case implementation and the partner has shared the demo and the presentation of how and what kind of engagements they did with Adobe . • Adobe (AMS) te","1","false"
"1759221198.042019","1759221198.042019","* 2025-09-08","Partner - Ajila*","Vijay Kumar Jalagari","W4R4S9FS4;W4RU4N66R","* • *Demonstration of Form Creation and Import Capabilities:* Anurag demonstrated to Daniel Stöckli and Michael Peter the current capabilities for creating adaptive forms from scratch, importing forms","6","true"
"1759215618.215119","1759215618.215119","* 2025-09-29","NFCU*","Prateek Awasthi","U03Q109GQMT","* • We showed how to create a servlet that integrates the OSGi service for rendering PDFs in a local setup. We had previously shared a private FAR for this via an Adobe CRM ticket, and Ashish from NFC","1","true"
"1759137943.174139","1759137943.174139","* 2024-08-05","Maruti*","Vijay Kumar Jalagari","W4RU4N66R","* Sharing old notes of Maruti use cases • Some of forms are repeating in both <http://marutisuzuki.com|marutisuzuki.com> and <http://nexaexperience.com|nexaexperience.com> • Features     ◦ *Journeys (","0","true"
"1759122294.631499","1759122294.631499","* 2025-09-24","RCCL (Royal Caribbean Cruise Line)*","Harshit Gupta","W010NNJV7S8;U07P56Q79TK","* • *Agent UI Demonstration and Capabilities:* Harshit provided an in-depth demonstration of the Agent UI, highlighting features for editing, validating, and managing content fragments, PDF output and","2","true"
"1758801181.582319","1758801181.582319","* 2025-09-11","Partner - Huge (Hero Digitial) Customer - Inova*","Vijay Kumar Jalagari","W4RU4N66R","* Details ● I*nova Account Migration to Adobe* Eric Van Geem provided an overview of the Inova account, noting that they are an AEM Forms customer with approximately 180 forms on their current <http:/","3","false"
"1758772873.101649","1758772873.101649","* 2025-09-22","Centene*","Vijay Kumar Jalagari","W5HEU5M7Y;W4RU4N66R;W010NNJV7S8","* _AI-generated notes_  *Key Topics:* • *Introduction:* Matthew, Arun, Vijay Kumar, and Chris from Adobe met with Laura, Dipesh Shrestha, and James from Centene to discuss the VIP project for implemen","3","true"
"1758706353.738309","1758706353.738309","* 2025-09-23","Brunswich*","Mayank Agarwal","U0213T59LMN;U06NF880220;W5HEU5M7Y","* • *Implementation of Custom Functions for Tracking IDs:* Andy, Mayank, Speaker 1, and the team discussed the implementation of custom functions to capture Facebook click ID, Google click ID, and Ado","5","false"
"1758706160.526549","1758706160.526549","* 2025-09-23","Brightline*","Mayank Agarwal","U05TSNKRNP8;U0213T59LMN","* • *AEM Forms Integration with Adobe Experience Platform (AEP):* Harman, Mayank, and Katie Manarte discussed the end-to-end process of integrating AEM forms with Adobe Experience Platform, including ","3","false"
"1758691681.214369","1758691681.214369","* 2025-09-23","LPL*","Gaurav Ahuja","U0213T59LMN;W4RU708G5;W4RU5J3JR;W4R4S9FS4","* • *Forms Search Inconsistency*: Customer reported inconsistent search results in Forms Experience Builder. Engineering confirmed issue occurs across both main interface and properties dialog. Workar","4","true"
"1758690059.009889","1758690059.009889","* 2025-09-23","Westjet*","Barshat Rai","W4XTCQ07J;U02RMEY3D1C","* • Forms Team showcased accessibility issues for few of their forms which had high traffic.  • Shared the issues with Michelle which she will hand over to relevant team. • Michelle mentioned that the","0","false"
"1758514658.124379","1758514658.124379","* 2025-09-18","Verizon*","Sufyan Haroon","W9QMZFR39;W5HEU5M7Y;W010NNJV7S8","* • They have a massive daily batch based invoice generation use case.  • They generate around 13M PDFs per day.  • Currently, they use OpenText Exstream which is a robust system and they also use RIC","1","false"
"1758514248.694039","1758514248.694039","* 2025-09-17","Royal Caribbean*","Sufyan Haroon","W9QMZFR39;W5HEU5M7Y;W010NNJV7S8","* *Use Case Summary* Royal wants an authoring experience where ship staff can use a module-based builder to drag and drop daily activities, ads, and other components—sourced live from a connected data","1","false"
"1758263694.472769","1758263694.472769","* 2025-09-18","Brunswick*","Mayank Agarwal","U06NF880220;U0213T59LMN;W5HEU5M7Y","* • *Capturing ECID, FBCLID, and GCLID in Marketo Forms:* Andy Kluck, Mayank, Arun, and others discussed the technical process and challenges of capturing ECID, FBCLID, and GCLID values in Marketo for","6","false"
"1758260710.918079","1758260710.918079","* 2025-09-18","LPL*","Gaurav Ahuja","U0213T59LMN;W4RU708G5;W4RU5J3JR","* • *Custom Indexing*: Customer confirmed previous indexing issue resolved by creating a custom Lucene index. Unique index names don’t override OOTB, but similar names do. File deletion tests validate","4","false"
"1758173463.940209","1758173463.940209","* 2025-09-16","Brunswick*","Mayank Agarwal","U06NF880220;WQ6GEBZHN;U0213T59LMN","* • *Marketo Integration and Hidden Field Mapping:* Andy and Mayank discussed the process of mapping hidden fields from AEM forms to Marketo, including the use of assignment rules based on operating u","6","false"
"1758169848.391489","1758169848.391489","* 2025-09-17","<http://UPS.com|UPS.com>*","Vijay Kumar Jalagari","W4RU4N66R;U0213T59LMN;W4R4S9FS4;U03N27GAZDZ","* • *Introduction:* Michael, Simon Habtu, Emily, John, and Dallas discussed the integration of AEM forms on <http://ups.com|ups.com>. The meeting aimed to explore the best ways to leverage AEM forms, ","3","false"
"1758134396.335239","1758134396.335239","* 2025-09-17","Celestyal*","Rahul Kumar Singh","WLWHN4TV3","* • *Newsletter Subscription Form Optimization Opportunity:* Rahul Kumar presented a new Site Optimizer opportunity related to the newsletter subscription form, explaining the low conversion rates and","0","true"
"1758084265.873279","1758084265.873279","* 2025-09-16","Wilson*","Rahul Kumar Singh","W4XTCQ07J;WLWHN4TV3","* *Lead Gen Form Variant*: Suggested adding another variant with a hyperlink in the header bar. Team mentioned it’s not critical right now, but added to the backlog. *Conversion Rate*: First-order for","0","true"
"1757947265.975139","1757947265.975139","* 2025-09-15","Wells Fargo*","Rupali Mittal","U031G7ZLRRC;U0811FXQ61H;W9WQCDCLU","* • Accessibility Issue related to value not being tagged in accessibility tag tree for bottom caption was discussed.  It was fixed in SP23 . They tested it on SP22 document generation service. We hav","0","false"
"1757655365.946789","1757655365.946789","* 2025-09-11","Brunswick*","Mayank Agarwal","U06NF880220;U0213T59LMN","* • *Pipeline Verification and Dependency Troubleshooting:* Mayank, Christy Bastian, Andy Kluck, and Shraddha collaborated to verify the deployment pipeline, check component versions, and troubleshoot","4","false"
"1757655068.314749","1757655068.314749","* 2025-09-11","LPL*","Gaurav Ahuja","W4RU5J3JR;W4RU708G5;U0213T59LMN","* • *Custom Indexing*: Engineering discovered that a custom Lucene index was overriding the default, leading to inefficient queries. Renaming and copying standard rules improved performance. These cha","7","false"
"1757581283.710269","1757581283.710269","* 2025-09-08","PFA PENSION*","Rishi Mehta","W4R5M9P4H","* Go-live was scheduled for 10th September. On 5th September, a fragment localization issue was reported, which blocked the release. The issue was resolved, and a private release was patched to their ","0","true"
"1757565593.840499","1757565593.840499","* 2025-09-11","PWC (PricewaterhouseCoopers) - Internal meeting*","Sudhanshu Singh","W4R5M9P4H;W4XTCQ07J","* Had a connect with Terry Mah for a new Forms opportunity • PWC (Chicago) wants to leverage Forms for their Audit process - worldwide with ~ 100K users • Render the form in headless mode in their .Ne","0","false"
"1757482762.169779","1757482762.169779","* 2025-09-09","Brunswick*","Mayank Agarwal","U0213T59LMN;W5HEU5M7Y;U06NF880220","* • *Access Issues in Mercury Marine Environments:* Mayank, Andy, and others discussed ongoing access limitations in the Mercury Marine QA and stage environments, with Christy and Sarah assisting in t","3","false"
"1757477619.996589","1757477619.996589","* 2025-09-09","WestJet (Forms Opp. in ASO)*","Sudhanshu Singh","W6CBB4953;W4XTCQ07J","* • Heather mentioned that she would check with the concerned team on the $ value impact - based on what Varun had proposed. • Varun shared that we have similar opp. in other locale - where CTA placem","0","false"
"1757475672.747859","1757475672.747859","* 2025-09-09","Brightline*","Sudhanshu Singh","U0213T59LMN;W4XTCQ07J;W5HEU5M7Y","* Session was to cover: • Access to Cloud instance (pending access from last meeting). We would be working on the Dev instance. • They want to create CC based forms - discussed if they want to have st","0","false"
"1757437934.167629","1757437934.167629","* 2025-09-09","LPL*","Gaurav Ahuja","W4RU5J3JR;W4RU708G5;U0213T59LMN;U0208FN960H","* *AI Form Conversion*: Customer tested AI-based form conversion; overall successful but with minor formatting issues (headers, signature fields). Customer is tracking time/effort saved vs manual proc","5","false"
"1757057610.093969","1757057610.093969","* 2025-09-04","Brunswick*","Mayank Agarwal","U06NF880220;WLWHN4TV3;U0213T59LMN","* • *Marketo Connector Enablement in AEM Environments:* Andy Kluck, Mayank, Lesley, and Rahul Kumar collaborated to enable and configure the Marketo connector in both the stage and production AEM envi","4","false"
"1757038002.904469","1757038002.904469","* 2025-09-04","Bancolombia (Internal call - before connect with customer)*","Sudhanshu Singh","W4XTCQ07J","* *Context:*  • Forms ARR: $72.9K • Contractual Utilization: 18.9% • Multiple submit alerts - customer not reachable *Intent:* • Good opportunity for new feature adoption: Forms Exp. Builder, Forms op","3","true"
"1756966421.639629","1756966421.639629","* 2025-09-03","NFL*","Mayank Agarwal","W5HEU5M7Y;W4RU4N66R;U0213T59LMN","* • *Marketing Team’s Transition from Digio to AEM Forms:* Chi, Amit, and Arun discussed the marketing team’s interest in replacing Digio with AEM Forms for fan experience activations, focusing on und","3","false"
"1756880191.295419","1756880191.295419","* 2025-09-02","UAL (United Airlines)*","Gaurav Ahuja","W4RU5J3JR;WQ6GEBZHN;W5HEU5M7Y;U0213T59LMN;W4XTCQ07J","* • Demonstrated pdf-2-af capability from Forms experience builder for converting their acroform. • Demoed approval workflows using AEM Workflows. • Discussed their use-case of populating dropdowns us","0","false"
"1756878483.725999","1756878483.725999","* 2025-09-02","LPL financial*","Yash Bhavsar","W4RU5J3JR;U0208FN960H;W4RU708G5;W4R4S9FS4","* • `Add address field below the first name field` not adding to desired location. We will have to implement this. • They wanted to enable form functionality across environments. They will be providin","2","false"
"1756877949.804249","1756877949.804249","* 2025-09-02","BrightLine*","Mayank Agarwal","W4RU4N66R;W5HEU5M7Y;U0213T59LMN","* • *AEM Forms Enablement and Initial Setup:* Arun, David Lopez, Vijay Kumar, Sudhanshu, and Jennifer Rogers coordinated the enablement of AEM Forms in the dev environment, discussed the process for a","5","false"
"1756877839.372879","1756877839.372879","* 2025-09-02","Brunswick*","Mayank Agarwal","U06NF880220;U0213T59LMN;W5HEU5M7Y","* • *Marketo Configuration Setup in AEM:* Shraddha, Mayank, and Arun demonstrated to Andy and Sarah how to set up Marketo configurations within Adobe Experience Manager (AEM), including creating confi","4","false"
"1756453534.933639","1756453534.933639","* 2025-08-28","LPL Financial*","Yash Bhavsar","W4RU708G5;W4RU5J3JR;U0213T59LMN;U0208FN960H","* Meeting notes: • *PDF to Adaptive Form Conversion Updates:* Mayank, Naveen, Andy, and Gaurav discussed recent fixes and updates to the PDF-to-adaptive form conversion process, including handling of ","4","false"
"1756449950.465869","1756449950.465869","* 2025-08-28","NFCU*","Prateek Awasthi","U03Q109GQMT","* Discussion on upcoming private release, scope of features, and any requirements from customer’s end for archetype.  Key Points Discussed: • Generic API Integration – Support for data.json in PDF Pre","2","true"
"1756379930.482199","1756379930.482199","* 2025-08-28","ARBETSFORMEDLINGEN (Sweden Gov)*","Sakshi Arora","W4SG81T9C;W4XTCQ07J","* Understanding the usecases. On 6.5.23 (latest 6.5 SP) Migrating from other form technology, had developed something in AF1, but want new development to be in core component based forms. They were as","0","true"
"1756379331.808029","1756379331.808029","* 2025-08-27","AbbVie*","Sakshi Arora","W4SG81T9C;W4XTCQ07J","* Discussed the usecase of reload of page on switch of a condition. The site page has 11 forms, and 2 are shown at a time. :todo_done: *","0","true"
"1756358443.203619","1756358443.203619","* 2025-08-26","Brunswick*","Mayank Agarwal","U06NF880220;WLWHN4TV3;U0213T59LMN","* • *AEM Forms and Marketo Integration Demo:* Mayank, Shraddha, and Rahul presented a demo to Andy Kluck and Sarah Warzecha, showcasing the implementation of AEM Forms integrated with Marketo, includi","6","false"
"1756306402.744399","1756306402.744399","* 2025-08-26","LPL*","Gaurav Ahuja","U0213T59LMN;W4RU5J3JR;W4RU708G5;U0208FN960H;W4R4S9FS4;W4RU4N66R","* • Discussed current limitations in the PDF import tool, including its inability to process scanned PDFs, Word documents, and explored workarounds such as using Acrobat Pro and Experience Builder for","4","false"
"1756223195.549159","1756223195.549159","* 2025-08-26","GM Financial*","Anirudh Aggarwal","U038XFD63GS;WE163TH43;U03Q109GQMT;W9QMZFR39","* Anirudh conducted demo for Json data (inline and as file) support in the Render APIs • Customer’s queries regarding supported options and formats for the APIs were addressed. • Discussion regarding ","5","true"
"1755853555.040079","1755853555.040079","* 2025-08-21","Micron*","Anurag Sharma","W4R4S9FS4;W4RU4N66R;W4XTCQ07J","* *Meeting notes* • *Intent-Based Experience Creation with Gen AI:* Anurag, Sudhanshu, and the team discussed Adobe's approach to customer experience management using intent-based experiences powered ","6","false"
"1755838758.042469","1755838758.042469","* 2025-08-21","Brunswick*","Mayank Agarwal","W4RU4N66R;WLWHN4TV3;W6CBB4953","* *Data Routing and Partition Assignment for AM Forms:* Andy, Varun, Mayank, Rahul Kumar, Ben, and Sarah Warzecha discussed the challenges of routing form submissions to the correct Marketo partitions","0","false"
"1755838573.221009","1755838573.221009","* 2025-08-21","LPL Financials*","Mayank Agarwal","W4RU4N66R;W4RU5J3JR;W4RU708G5;U0208FN960H","* *AI Model Integration and Pilot Testing Plans:* Vijay Kumar, Naveen, Andy, and Kalyan discussed the current status and next steps for integrating the AI model into product workflows, including the n","0","false"
"1755837410.014009","1755837410.014009","* 2025-08-21","GM Financial*","Anirudh Aggarwal","U038XFD63GS;WE163TH43;W9QMZFR39","* • Anirudh conducted detailed walkthrough for the Render APIs (picking up from the last meeting).     ◦ First-cut API definition was shared beforehand with the customer with the documentation links f","2","true"
"1755793481.062359","1755793481.062359","* 2025-08-21","NFCU*","Prateek Awasthi","U03Q109GQMT","* • Gave a demo on custom fonts, covering UI and code changes required, explained the steps, and shared documentation. *Next step:* Enable on _dev2_. • Demoed the IC import/export bundle feature, whic","1","true"
"1755680337.712189","1755680337.712189","* 2025-08-19","CNA (Partner : forms 360)*","Devendra Gurjar","WQ6GEBZHN","* • *Form Data Submission Issue in React Application*: Charles, Devendra, and Rich discussed a problem where form data manipulated via JavaScript in the AEM environment is not correctly appearing in t","3","true"
"1755672781.880159","1755672781.880159","* 2025-08-19","GM Financial*","Anirudh Aggarwal","U038XFD63GS;W9QMZFR39;WE163TH43;W5HEU5M7Y","* MoM: • Discussion focused on the issues raised by GMF team (shared over mail)     ◦ Vijay and Sufyan helped answer most of the queries around IC-Editor • Anirudh conducted partial demo for Render AP","4","true"
"1755496487.205169","1755496487.205169","* 2025-08-14","LPL*","Vijay Kumar Jalagari","W4RU4N66R;W4RU708G5;W4RU5J3JR","* _AI-generated content. Make sure to check for accuracy._ *Key Topics:* • *Introduction:* Vijay Kumar, Naveen, Andy, Arun, and Arneh discussed the challenges and requirements related to versioning an","8","true"
"1755496292.484869","1755496292.484869","* 2025-08-13","Lenovo ( Internal)*","Vijay Kumar Jalagari","W4RU4N66R;W5HEU5M7Y;U0213T59LMN;W5MDFP45T","* _AI-generated content. Make sure to check for accuracy._ *Key Topics:* • *Introduction:* Vijay Kumar, Arun, Ajani, and Mayank discussed the Lenovo use cases, focusing on progressive profiling, globa","4","false"
"1755495816.532369","1755495816.532369","* 2025-08-13","Lumen*","Vijay Kumar Jalagari","W4RU4N66R;W5HEU5M7Y","* _AI-generated content. Make sure to check for accuracy._ *Key Topics:* • *Introduction:* Arun, Kathy Behler, Jennifer Wroblewski, Shami, Vijay Kumar, and Christina Trujillo discussed the use of Form","4","true"
"1755495517.647919","1755495517.647919","* 2025-08-13","UPS*","Vijay Kumar Jalagari","W4RU4N66R;U0213T59LMN;U03N27GAZDZ;W4RU5J3JR","* _AI-generated content. Make sure to check for accuracy._ *Key Topics:* • *Introduction:* Vijay Kumar, Navneet, Rodney, Michael, and other team members introduced themselves and their roles. The meet","3","false"
"1755148388.713359","1755148388.713359","* 2025-08-13","UPS*","Navneet Agarwal","W4RU4N66R;U0213T59LMN;W4RU5J3JR;U03N27GAZDZ","* • *Feedback on Generative AI Solutions:* Vijay Kumar and Rodney discussed the feedback on the generative AI solutions used in UPS forms, with David providing insights on his experience with image-to","2","true"
"1755095754.445059","1755095754.445059","* 2025-08-12","Aftia (altec)*","Gaurav Ahuja","U0213T59LMN;W4RU5J3JR","* • Customer had shared a use-case document listing down the requirements related wit forms and workflows. • Demoed them an approach that would be quick and easy to implement with the current customiz","3","false"
"1755065013.404399","1755065013.404399","* 2025-08-12","GM Financial*","Anirudh Aggarwal","U038XFD63GS;WE163TH43;W5HEU5M7Y","* • Customer raised queries around fragments, templates and rule-editor     ◦ *Use-case:* Display dynamic logo based on the “type” key’s value from data(FDM) using rules.     ◦ <@WE163TH43> provided t","3","true"
"1755050145.928519","1755050145.928519","* 2025-08-12","Nedbank*","Sudhanshu Singh","W4XTCQ07J;W4SG81T9C;WQ6GEBZHN;U0560P0MCJJ","* Generated by AI. Meeting notes: • *Demo Overview:* Sudhanshu outlined the demo plan, which included three parts: translating a page while retaining form data, a code walkthrough of a sample submit a","5","true"
"1754995276.785649","1754995276.785649","* 2025-08-11","CNA (partner : source360)*","Devendra Gurjar","WQ6GEBZHN","* • The customer has a form with 60 fragments related to the 50 states in the USA. •  As they select a state, the corresponding fragments become visible or hidden. •  Server-side script execution take","0","false"
"1754580459.736259","1754580459.736259","* 2025-08-07","GM Financial*","Vijay Srivastva","WE163TH43;W9QMZFR39;W5HEU5M7Y","* *Meeting Summary*  *Use Case:*  GMF aims to build templates, documents, and fragments to generate print-ready PDFs using data in XML or JSON format.  *Demonstration:*  *<@WE163TH43>* delivered a com","0","false"
"1754560003.959819","1754560003.959819","* 2025-08-06","Carpenter*","Devendra Gurjar","W4RU5J3JR;WQ6GEBZHN;U061P671RN1","* • Workflow issue - Gaurav troubleshooted and found a bug in the CQ code from a recent change and provided a workaround for now to unblock the customer. Also raised the issue with the relevant team. ","0","false"
"1754466338.592969","1754466338.592969","* 2025-08-05","NFCU*","Anirudh Aggarwal","U038XFD63GS;WE163TH43;WLWHN4TV3;U03Q109GQMT","* • Customer acknowledged the timelines shared by Sunny for the requirements. • Customer was provided a demo for the pre-filling of the realtime data from FDM while invoking render PDF IC. • Team shar","1","true"
"1754464276.787949","1754464276.787949","* 2025-08-05","GM Financial*","Anirudh Aggarwal","U038XFD63GS;WE163TH43;WLWHN4TV3;W5HEU5M7Y","* Team provided a detailed walkthrough covering the following use-cases: • Template management • Rest API based FDM creation and data binding • IC document creation + customisations (fonts faces, etc.","2","true"
"1754385899.189189","1754385899.189189","* 2025-08-04","Carpenter*","Devendra Gurjar","WQ6GEBZHN;WLWHN4TV3","* Generated by AI. Make sure to check for accuracy. Meeting notes: • *Troubleshooting AEM Bundles:* Katerina, Devendra, and Randy worked together to troubleshoot issues with AEM bundles. Devendra guid","5","true"
"1754065259.937609","1754065259.937609","* 2025-08-01","Altec (partner: Aftia)*","Sudhanshu Singh","W4XTCQ07J;U0213T59LMN;W6CBB6337;W5HEU5M7Y","* Generated by AI. Make sure to check for accuracy. Meeting notes: • *Introduction and Meeting Purpose:* Steven started the meeting by acknowledging Tim's absence due to PTO and emphasized the goal of","6","true"
"1754028878.889569","1754028878.889569","* 2025-07-31","LPL Financials*","Mayank Agarwal","W4RU708G5;U0213T59LMN","* • *Release Update:* Mayank updated the team that the new release is now available in the stage environment, and the older release has been pushed to the production environment to avoid blocking the ","4","false"
"1753857539.257899","1753857539.257899","* 2025-07-29","LPL Financials*","Mayank Agarwal","U0208FN960H;W4RRL6DDY;U0213T59LMN;W4RU708G5","* • *Feedback* : LPL still needs to try e2e validation of their journey and share the feedback with us • *Dark Mode removal* - We have shared that it is not part of default canvas theme but the css is","2","true"
"1753850662.655029","1753850662.655029","* 2025-07-29","NFCU*","Vijay Srivastva","WE163TH43","* *Meeting Summary* - Key Discussion Points: 1. *Real-Time Data Usage During Authoring:*     ◦ NFCU expressed interest in using real-time data during the authoring process.     ◦ It was suggested that","2","false"
"1753692325.536539","1753692325.536539","* 2025-07-23","Jet 2*","Vijay Kumar Jalagari","W4RU4N66R;W4RRL6DDY;U01G51VDXB8;U03N27GAZDZ;U03QB0GK45Q","* It was 1st Kickoff call for VIP but Jet2 decided to move VIP program to Next year Jan.   Jet2 team shared document during the meeting covering the *expectation and scope of VIP*.     ◦ Below is the ","0","true"
"1753692023.404669","1753692023.404669","* 2025-07-24","Deutsche Bank*","Vijay Kumar Jalagari","W4R4S9FS4;W010NNJV7S8;W4RU4N66R","* Generated by AI. Make sure to check for accuracy.  Meeting notes: • *Introduction to AI Innovations in AM Forms:* Jochen and Anurag introduced the session on AI innovations in AM forms, highlighting","5","false"
"1753440017.033979","1753440017.033979","* 2025-07-24","Carpenter (Partner : 4 Point )*","Devendra Gurjar","W5HEU5M7Y;W4XTCQ07J;WQ6GEBZHN","* • The customer has started creating forms based on Core Components. •  They were facing issues with local development. •  This team is new to Forms and requires our guidance on best practices and ne","0","true"
"1753422104.162069","1753422104.162069","* 2025-07-24","NFCU*","Vijay Srivastva","U03Q109GQMT;WE163TH43","* Meeting Summary: Key Issues Raised by NFCU and Our Responses  Below is a summary of the key concerns raised by NFCU during the meeting, along with our corresponding responses: *1. FDM JSON Format Is","0","true"
"1753341462.752029","1753341462.752029","* 2025-07-23","GM Financial*","Vijay Srivastva","W5HEU5M7Y;U038XFD63GS;WE163TH43","* *Below is the meeting summary:*  *Use Case:* GMF aims to create templates, documents, and fragments, and generate print-ready PDFs using data in XML or JSON formats.  *Customer's Current Workflow:* ","0","false"
"1753341197.855709","1753341197.855709","* 2025-07-23","South African Police Service*","Anurag Sharma","W4R4S9FS4","* Existing AEM Forms JEE customer inherited from LiveCycle days, on-prem, ~178K product + 80K paid support renewal upcoming. Field team targeting as-is renewal for now.  Customer is exploring to imple","0","true"
"1753338485.392099","1753338485.392099","* 2025-07-23","Nedbank*","Devendra Gurjar","W4XTCQ07J;WQ6GEBZHN;U03BKR6K3R8","* • *Sites Team Demo:* Presented a demo on Experience Fragment translation. • *Forms Team Demo:* Showcased form embedding within site pages and demonstrated language navigation for forms on the site. ","3","true"
"1753289795.262769","1753289795.262769","* 2025-07-22","Brunswick*","Vijay Kumar Jalagari","W5HEU5M7Y;W4RU4N66R;U01G51VDXB8;U03QB0GK45Q;W4RSW3ECC","* _AI-generated content. Make sure to check for accuracy._  *Key Topics:* • *Introduction:* Arun, Ben McKnight, Vijay Kumar, Andy, and Sarah discussed the discovery work on the platform team, focusing","8","true"
"1753268464.031949","1753268464.031949","* 2025-07-21","Medtronics*","Shraddha Singh","","* We are currently in discussion with the customer _*Medtronics*_, who is looking to integrate *AEM with Workday*. We had recommended using *custom authentication* for this purpose. After implementing","0","true"
"1753263610.334209","1753263610.334209","* 2025-07-22","LPL financial*","Yash Bhavsar","U0208FN960H;U0213T59LMN;W4RRL6DDY","* • *Double sign field issue* - Andy tested and said the issue of double sign field is not coming now. Adobe team to verify if the fix is done in the stage environment as well. • *BindRefs for table f","4","true"
"1753244811.341089","1753244811.341089","* 2025-07-22","ClarkCounty*","Deep Dewanji","W4RU4N66R;U03QB0GK45Q;U02P8T2L0R5","* *Introduction to Adobe Forms Team and Demo Agenda:* Deep introduced themselves as an engineer in the Adobe Forms team and outlined the agenda for the demo, which included understanding the authoring","0","false"
"1753186886.780639","1753186886.780639","* 2025-07-21","IRS Meeting*","Pankaj .","U04P75X4H1B;U03BKR6K3R8","* *Meeting notes (AI generated)*  *Custom File Attachment Component Demo*: Shivam and Pankaj demonstrated the custom file attachment component, explaining its functionality and how it uploads files di","0","false"
"1753167461.480999","1753167461.480999","* 2025-07-21","Carpenter*","Devendra Gurjar","WQ6GEBZHN;W4XTCQ07J;W5HEU5M7Y;W4RU4N66R","* 1. The customer has not started creating forms yet; they were attempting to enable the Forms Core Component on their development environment. 2. Their pipeline was failing because they had removed m","0","true"
"1753077095.280959","1753077095.280959","* 2025-07-21","Oppty: Macquarie | Global Credential Pack*","Anurag Sharma","W9QMZFR39;W4R4S9FS4","* *Usecase:* On-demand creation of company related presentation by internal and external users *Volumes:* ~100/month (Tom said it might be more, he will confirm later) *Current solution:* MS Office, S","0","true"
"1752823507.804559","1752823507.804559","* 2025-07-17","State of Pennsylvania*","Sakshi Arora","W4SG81T9C","* Issues of SOP with latest private release were discussed. :todo_done: *","0","true"
"1752818519.768909","1752818519.768909","* 2025-07-17","LPL financial*","Yash Bhavsar","U0208FN960H;U0213T59LMN","* • *PDF Conversion and Sync Code:* Mayank and Andy discussed the recent fixes and updates related to PDF conversion, including the need to keep the browser open during the process. Mayank mentioned t","2","true"
"1752741694.640899","1752741694.640899","* 2025-07-16","NFCU*","Sunny Marwaha","W4R5LUPK3;W010NNJV7S8;WE163TH43","* In last night meeting with NFCU, they highlighted 2 requirements which are critical for their upcoming golive plans in Oct 1. Support of IC rendering API to take data.json as input, they want simila","0","true"
"1752641688.566379","1752641688.566379","* 2025-07-15","NFCU*","Vijay Srivastva","WE163TH43;U03Q109GQMT","* *Meeting Summary* – NFCU Requirements Review  NFCU has shared an Excel sheet outlining their requirements and identifying gaps in the current Interactive Communication (IC) Editor. The we have revie","3","true"
"1752635902.692879","1752635902.692879","* 2025-07-15","Carpenter (4Point)*","Sudhanshu Singh","W4XTCQ07J;W5HEU5M7Y;U0213T59LMN","* We had a connect with 4Point for customer Carpenter to identify the issues they are facing with their could environment. • The environments were provisioned around April, and their pipeline is faili","0","true"
"1752601935.879449","1752601935.879449","* 2025-07-15","Abbvie*","Varun Dua","W4RT1B152;W5HEU5M7Y;W4XTCQ07J","* Attendees • Shameem Gouse Lazam Sayyad • Shivendra Vikram Singh • Kevin Ausburn Meeting Notes:  *Introduction:* The team had some knowledge of Sites Optimizer and gave them an introduction of the Fo","0","true"
"1752590518.203729","1752590518.203729","* 2025-07-15","LPL financial*","Yash Bhavsar","U0208FN960H;W4RRL6DDY;U0213T59LMN","* • Model bump and some other improvements radio button getting detected correctly and all options coming in for the radio buttons.      ◦ *Action item - Engineering team (changes have been done some ","0","false"
"1752571527.287109","1752571527.287109","* 2025-07-14","Stericycle*","Varun Dua","W4RU4N66R;W4XTCQ07J;W4RT1B152;WLWHN4TV3","* Attendees • *Colin Vlasak* – Marketing Owner, Stericycle &amp; Shred-it • *Dillon Sorensen* – Colin’s Manager, Waste Management (parent company of Stericycle)  *Meeting notes*  *Explained Site Optim","0","true"
"1752227720.519739","1752227720.519739","* 2025-07-10","LPL Financials*","Mayank Agarwal","W4RRL6DDY;U0213T59LMN","* *PDF Conversion Issues:* Mayank and Andy discussed the issues with PDF conversion, specifically the multiple sign-up fields and the XML generated with respect to the table component. Andy confirmed ","0","true"
"1752203443.361069","1752203443.361069","* 2025-07-10","NFCU*","Sunny Marwaha","W4R5LUPK3;W010NNJV7S8","* NFCU went live with their first AF usecase <https://www.navyfederal.org/forms/lending/ccdr/ccdr.html>  In the meeting NFCU, highlighted few other requirements and they mentioned that there is good t","0","true"
"1752144477.243999","1752144477.243999","* 2025-07-10","Nedbank*","Devendra Gurjar","WQ6GEBZHN;W4WDX8LF4","* *Deskside Coaching - AEM Translation* Agenda: • Sites     ◦ *Overview AEM Translation Framework* : Learn how AEM handles multilingual content using Translation Projects and integration with translat","2","true"
"1752054189.826009","1752054189.826009","* 2025-07-08","LPL Financials*","Mayank Agarwal","W4RU4N66R;U0208FN960H;U03N27GAZDZ;W4R4VBWQG;U0213T59LMN","* • *PDF Conversion Issues:* Darshan and Andy discussed the issues related to converting Word documents to PDFs, including formatting problems and the need for cleanup. They also explored options for ","7","true"
"1751867523.769939","1751867523.769939","* 2025-07-03","LPL Financial*","Satya Deep Maheshwari","U0208FN960H;W4RRL6DDY","* Generated by AI. Make sure to check for accuracy. Meeting notes: • *Bindings Issue:* Satya Deep and Raciel discussed the bindings issue, with Satya suggesting reimporting the form with a different n","8","false"
"1751434842.598499","1751434842.598499","* 2025-07-01","NFCU*","Prateek Awasthi","WE163TH43;U03Q109GQMT","* 1. NFCU has successfully completed the archetype changes on top of their existing Archetype version 52, *enabling full* use of the IC Editor. 2. Harish and Adarsh from NFCU reported a 401 error whil","0","true"
"1751426323.910069","1751426323.910069","* 2025-07-01","LPL Financial*","Yash Bhavsar","U0208FN960H;U0213T59LMN;W4RRL6DDY","* • *Local Test Harness Setup*: Satya Deep and Raciel discussed the local test harness setup. Satya mentioned that they had set it up and tested a couple of forms. They observed that all fields were p","2","false"
"1751351277.366189","1751351277.366189","* 2025-07-01","Ministry of Social Development (MSD) - NZ*","Talmiz Ahmed","U03QB0GK45Q","* • Answered queries regarding implementation of custom components in EDS via UE. They had implemented a few but without following the right approach which caused a lot of issues in the code for them.","0","true"
"1751041007.075779","1751041007.075779","* 2025-06-27","State of Pennsylvania*","Sakshi Arora","W4SG81T9C","* Debugged their issues. Identified a product issue along with their customization issues. :todo_done: *","0","false"
"1750997599.648709","1750997599.648709","* 2025-06-26","NFCU*","Vijay Srivastva","WE163TH43;U03Q109GQMT","* In the meeting, we provided a comprehensive walkthrough of the newly introduced features and discussed each in detail. The key features covered include: • Template creation workflow • Fragments &amp","0","false"
"1750928837.106899","1750928837.106899","* 2025-06-25","IRS/DMAF*","Sunny Marwaha","U04P75X4H1B;WLWHN4TV3;W4R5LUPK3;U0213T59LMN","* • Pankaj showcased the Save As Draft along with USC customisation demo to IRS and Accenture Federal team. • Additionally, we highlighted two *enhancements* made while delivering this feature, specif","3","true"
"1750903648.194029","1750903648.194029","* 2025-06-25","Qualcomm (Sites Optimizer/Forms Optimizer)*","Sudhanshu Singh","W4XTCQ07J","* Presenter: *Ken Woodward* Project Lead: *Andrei Bogdan*  • Ken introduced Sites Optimizer - since some of the participants had not seen the UI earlier, and were not aware of the capabilities. It was","0","false"
"1750895536.860659","1750895536.860659","* 2025-06-19","TravelPort*","Sudhanshu Singh","W4XTCQ07J","* • TravelPort wants to modernize their forms - and highlighted the concerns:     ◦ Do we have an immediate solution to avoid the IE11 requirement (they render the XDP as PDF currently)     ◦ Do we ha","4","true"
"1750784775.811059","1750784775.811059","* 2025-06-24","NFCU*","Sunny Marwaha","W4R5LUPK3;WE163TH43;U03Q109GQMT;W010NNJV7S8","* • Vijay showcased the latest innovations of IC on cloud with new structural change of json based storage and highlighted that most of the requested features by NFCU being delivered. • Showcased the ","3","false"
"1750777388.779649","1750777388.779649","* 2025-06-24","LPL Financials*","Mayank Agarwal","W4RU4N66R;U0208FN960H;W4RRL6DDY;U0213T59LMN","* • *Forms Conversion Progress:* Satya Deep provided an update on the conversion of 15 out of 19 forms, noting that some manual work is required to address gaps in the automated conversion process. Th","7","false"
"1750756047.370239","1750756047.370239","* 2025-06-23","CoreBridge (prospective customer)*","Sakshi Arora","W4SG81T9C;W4XTCQ07J;W5HEU5M7Y","* Forms overview, including ""Forms Experience Builder"" and ""Forms Optimizer"" was shared by Arun. Demo was given for Core Component based AF version of their current forms. Rule, DoR, FDM capabilities ","0","true"
"1750755873.674919","1750755873.674919","* 2025-06-23","State of Pennsylvania*","Sakshi Arora","W4SG81T9C;W4XTCQ07J","* Guided them over, how to achieve their targeted usecases in DoR. :todo_done: *","0","false"
"1750753537.226489","1750753537.226489","* 2025-06-23","Jet2*","Vijay Kumar Jalagari","W4RU4N66R","* • The call centred on 3 tech approaches:     a. EDS Document-based Forms     b. EDS Universal Editor Forms      c. AEM Adaptive Forms – Core Components (Cloud) • Vijay (forms product team, Adobe) ga","3","true"
"1750752425.872629","1750752425.872629","* 2025-06-23","Carpenter &amp; 4point*","Vijay Kumar Jalagari","WLWHN4TV3;U06NF880220;U0213T59LMN;W4RU4N66R","* *Meeting Objective* To resolve connectivity issues between Carpenter’s Adobe Experience Manager (AEM) instance and their Azure SQL Server database, and to clarify the correct integration approach.  ","2","true"
"1750433143.352389","1750433143.352389","* 2025-06-20","HDFC Bank - Light House Program*","Vijay Kumar Jalagari","W4RU4N66R","* *Lighthouse Program Overview:* • Amritabha provided an overview of the Lighthouse program initiated by the MD and CIO, Ramesh, which includes 16 programs, some of which involve Gen. AI use cases.  *","4","false"
"1750394587.424799","1750394587.424799","* 2025-06-19","Jet2*","Vijay Kumar Jalagari","W4RU4N66R","* *Key Topics:* • *Introduction:* James, Elisa, Vijay Kumar, and Nitesh discussed the Jet2 account, focusing on the misalignment in expectations and the use of Adobe solutions. They aimed to address t","4","true"
"1750334579.794159","1750334579.794159","* 2025-06-17","HDFC Bank*","Vijay Kumar Jalagari","W4RU4N66R","* *IDRS Platform Scope*  1. *Pre-processing: Classification &amp; Validation*     a. Perform validation checks     b. Identify document type     c. Apply predefined rules 2. *Data Extraction*     a. E","0","false"
"1750333392.763649","1750333392.763649","* 2025-06-19","AbbVie*","Sakshi Arora","W4SG81T9C","* Gave customer an alternate so that they are un-blocked on error on their Cloudflare CDN. Customer will confirm if that works for them. Alternate: check on ""content-type: application/problem+json"" an","0","true"
"1750333142.219459","1750333142.219459","* 2025-06-18","State of Pennsylvania*","Sakshi Arora","W4SG81T9C","* Helped them with their review component custimization. Helped them to debug and figure out what went wrong in their environments, seems like their customization of page component was breaking includ","0","false"
"1750222234.719259","1750222234.719259","* 2025-06-17","State of Pennsylvania*","Sakshi Arora","W4SG81T9C","* Worked with SOP in resolving the issues they were facing with the newer deployment. Gave a workaround to them to solve nested repeatable panel by custom function. There is an issue in CC based model","0","true"
"1750165142.385789","1750165142.385789","* 2025-06-17","AbbVie*","Sakshi Arora","W4SG81T9C;W4XTCQ07J","* There is an enhancement required to propagate http error code from custom submit action. Additionally there is an issue where the response header which is used to bypass default error pages of CDN, ","0","true"
"1749720426.586519","1749720426.586519","* 2025-06-09","INPS &amp; INAIL*","Sufyan Haroon","W9QMZFR39;U036QHTDSQJ","* INPS  • *Positive Stakeholder Feedback &amp; Contract Renewal:* INPS stakeholders are pleased with the team’s work on various products and are likely to renew the consulting contract until the end o","3","true"
"1749716313.847859","1749716313.847859","* 2025-06-11","LPL Financials*","Mayank Agarwal","W4RU4N66R;W4RRL6DDY;W4RU708G5;U0213T59LMN","* Meeting notes: • *Troubleshooting Call Update:* Arneh provided an update on a troubleshooting call with Andy and Rachael, mentioning that Core components are now enabled on the dev instance and that","7","true"
"1749708406.933019","1749708406.933019","* 2025-06-11","AbbVie*","Sakshi Arora","W4SG81T9C","* Private release was pushed on their sandbox environment, customer has validated it on sandbox. Now they want the private release to be deployed on their production environment. :todo_done: *","0","false"
"1749708197.434919","1749708197.434919","* 2025-06-11","State of Pennsylvania*","Sakshi Arora","W4SG81T9C","* Discussed some of their customisation issues. We have formalized scribble signature contract, the same was communicated. :todo_done: *","0","false"
"1749664800.222199","1749664800.222199","* 2025-06-11","IRS - Internal meeting (this is for a separate team from DMAF)*","Sudhanshu Singh","W4XTCQ07J","* Generated by AI (manually reviewed and udpated).  Meeting notes: • *IRS Acrobat Sign Implementation:* Emily summarized the IRS's purchase of Acrobat Sign and their IT team's collaboration with Adobe","7","true"
"1749623438.956329","1749623438.956329","* 2025-06-10","State of Pennsylvania*","Sakshi Arora","W4SG81T9C","* Their custom headerlibs and footerlibs were rectified with correct client library configurations. They had some issues with private build, which were discussed. :todo_done: *","0","false"
"1749623308.307489","1749623308.307489","* 2025-06-10","Abbvie*","Sakshi Arora","W4SG81T9C;W4XTCQ07J","* They had queries around one of the customizations, they wanted to achieve around standardisation of errors. Various approaches with pros and cons were discussed. :todo_done: *","0","false"
"1749622835.922449","1749622835.922449","* 2025-06-09","AbbVie*","Sakshi Arora","W4SG81T9C;W4R5M9P4H","* Issue with custom error response was discussed. Where default AEM error page HTML was being returned instead. :todo_done: *","0","false"
"1749622682.475799","1749622682.475799","* 2025-06-05","State of Pennsylvania*","Sakshi Arora","W4SG81T9C;W4XTCQ07J","* They had some queries around their customizations. A few of their issues were fixed. A private release was handed for testing :todo_done: *","0","false"
"1749622522.831489","1749622522.831489","* 2025-06-06","AbbVie*","Sakshi Arora","W4SG81T9C;W4XTCQ07J","* They had some client library configuration issues, which were resolved in the call. :todo_done: *","0","true"
"1749577815.398139","1749577815.398139","* 2025-06-10","New Zealand Ministry of Social Development*","Vijay Kumar Jalagari","U03QB0GK45Q;W4RU4N66R","* *Partner* - Ghost Dynamics  _AI-generated content. Make sure to check for accuracy._  *Key Topics:* • *Introduction:* Manu, Vijay Kumar, Pritam, and Deepti discussed the New Zealand Ministry of Soci","10","false"
"1749191283.815329","1749191283.815329","* 2025-06-05","LPL Financials*","Mayank Agarwal","W4RU5J3JR;W4RU708G5;W4RRL6DDY","* • *Sandbox Environment Access:* Mayank requested access to the sandbox environment for himself, Satya Deep, and Yash. Raciel agreed to provide access to the dev environment and asked for their email","0","true"
"1749187159.174409","1749187159.174409","* 2025-06-05","State of Pennsylvania*","Sakshi Arora","W4SG81T9C;W4XTCQ07J","* Go Live Dates: 17 June for one form 5 July for another form  They had multiple issues, for which we delivered a private build. They had additional queries, some of which were resolved, other are a f","0","false"
"1749186736.205649","1749186736.205649","* 2025-06-05","NFCU*","Sunny Marwaha","W4R5LUPK3;U04P75X4H1B","* In multiple meetings with NFCU, engineering, we provided option for their requirement of calling 2 Authenticated API and custom payload data. 1. Invoke Service - API Integration with Variable and Di","0","true"
"1749102631.064399","1749102631.064399","* 2025-06-03","Novo Nordisk*","Anurag Sharma","W5HEU5M7Y;W4R4S9FS4","* CS customer interested in following capabilities: 1. Exp Builder 2. Multi-modal 3. Optimizer <@W4R4S9FS4> showcased Exp Builder and Multi-modal capabilities. They mentioned CASE #E001266661 is troub","0","true"
"1748622521.802589","1748622521.802589","* 2025-05-30","State of Pennsylvania (CodePA)*","Sudhanshu Singh","","* CodePA raised an issue that below issues were critical and blocking development of some of their new forms: 1. Scribble signature with DoR + Accessibility fixes 2. Delete operation for files in Shar","0","false"
"1748620867.753629","1748620867.753629","* 2025-05-22","FirstBank*","Sudhanshu Singh","W4XTCQ07J;W4R4S9FS4","* *Meeting notes:* • *Edge Delivery Services Training:* Daniel inquired about the team's understanding of Edge Delivery Services and whether there are any learning paths available. Tom confirmed that ","10","true"
"1748619979.759109","1748619979.759109","* 2025-05-27","KBC / Amexio*","Sudhanshu Singh","W4XTCQ07J;W4R4S9FS4","* Generated by AI. Make sure to check for accuracy. Meeting notes: • *Adaptive Forms Creation:* Ellen explained the process of creating adaptive forms, highlighting the need to support multiple langua","1","false"
"1748614555.198939","1748614555.198939","* 2025-05-30","IRS/Accenture Federal*","Sunny Marwaha","W4XTCQ07J;W5HEU5M7Y;W4R5LUPK3","* *Questions for IRS/AF meeting* 1. Are they using same UI for listing both AF1 and AF2 forms? *Yes (Not applicable as they are not using lister component)* 2. Are they using draft and submission list","0","true"
"1748586355.857299","1748586355.857299","* 2025-05-29","LPL Financials*","Mayank Agarwal","W4RU5J3JR;W4RU708G5;W4RRL6DDY;W4R4VBWQG","* *Forms Conversion Challenges:* Naveen (LPL) discussed the challenges faced in converting forms into the AEM side, mentioning that previous attempts either failed or did not meet the standard. They s","4","true"
"1748540270.904549","1748540270.904549","* 2025-05-29","NFCU*","Sunny Marwaha","W4R5LUPK3;U03Q109GQMT;W010NNJV7S8","* • NFCU had a requirement where a 4 field form needs to submit to a Mulesoft API. During the call they shared that the requirement is that API is authenticated. <@U03Q109GQMT> quickly demonstrated th","0","true"
"1748534490.934949","1748534490.934949","* 2025-05-29","General Motors*","Deep Dewanji","U02P8T2L0R5;W012PACNGHJ","* MOM of today's call with GM • The 403 issue for the forms is resolved , it was related to allowing the edge domain in the referrer filters of publish. Now submission is getting processed to aem publ","0","true"
"1748528852.502609","1748528852.502609","* 2025-05-29","Wells Fargo*","Rupali Mittal","W4RT2J284;W9WQCDCLU;U0811FXQ61H;U031G7ZLRRC;WBV97LK8D","* Provided a demonstration of the fixes implemented in SP23 within AEM Designer. The issues addressed during the session included: <https://jira.corp.adobe.com/browse/LC-3921997> <https://jira.corp.ad","0","true"
"1748458168.953069","1748458168.953069","* 2025-05-23","State of Nebraska Office of The CIO*","Sudhanshu Singh","W4XTCQ07J;W012PACNGHJ;U02P8T2L0R5;W4R5Y3YHX","* *Issues they reported:*     ◦ In order for this to work I need to add Access-Control-Allow-Origin header to <https://main--forms--ociostateofnebraska.aem.live/> which is fine, and I am able to do th","1","true"
"1748358042.108359","1748358042.108359","* 2025-05-27","NFCU*","Vijay Srivastva","WE163TH43;U03Q109GQMT;W4R4VBWQG","* *Discussion Summary* We had a brief discussion covering the following key issues: • *PDF Preview Issue:* NFCU will provide access to their DEV2 environment to support further investigation and resol","0","true"
"1747926414.351989","1747926414.351989","* 2025-05-22","NFCU*","Chris J","W010NNJV7S8","* • NFCU talked about expanding the adoption of IC Editor internally, subject to maturity of the product. • They have 2 projects coming up spanning across other departments in NFCU in the next quarter","3","false"
"1747890714.682129","1747890714.682129","* 2025-05-21","LPL Financial*","Darshan Mahor","W9QMZFR39;W4R4VBWQG;U0213T59LMN;W4RU708G5;W4RU5J3JR;W4RRL6DDY","* • Presented two major use cases for form pre-filling(from user entered data and from incoming persisted Json) and the current approach involving manual conversion and data binding, highlighting scal","4","false"
"1747795668.100629","1747795668.100629","* 2025-05-20","IRS*","Sudhanshu Singh","W4XTCQ07J;U0213T59LMN;W4RU5J3JR;W4R4S9FS4;W5HEU5M7Y;W4R5LUPK3","* Generated by AI. *IRS attendees* (_there were more attendees from IRS - but active participants were_): • JP Terry • Ande Vara Prasada Rao • Gower Andrew R *Meeting notes:* • *Automated Forms Conver","2","false"
"1747794719.921269","1747794719.921269","* 2025-05-15","IRS*","Sudhanshu Singh","W4XTCQ07J;U03BKR6K3R8;U0213T59LMN;W4RU5J3JR;W5HEU5M7Y","* *Meeting notes* _(AI generated - updated for corrections/details)_ _Attendees included folks from IRS (None from Accenture)_ • Ande Vara Prasada Rao • Gower Andrew R *Details:* • *Adaptive Form Conv","1","false"
"1747375576.560709","1747375576.560709","* 2025-05-15","Toyota Financial Services*","Anirudh Aggarwal","W9QMZFR39;W4R5LUPK3;W5HEU5M7Y;WGVFDSK18;U038XFD63GS","* Folks for ACS team also attended this meet.  - The customer was provided with a demo showcasing IC Cloud Editor and its capabilities in comparison to the existing on-premises editors. - The customer","0","false"
"1747149273.555789","1747149273.555789","* 2025-05-13","Busch Group*","Aditya Nagpal","W4R5WN6LR;WE163TH43;W010NNJV7S8;WQWCBV6NN;W9QMZFR39","* Proposal meeting to Busch Group in response to their RfP for Communications.  The meeting kicked off with Nick Maerlender setting the context and briefly introducing the Adobe team. He then handed o","0","true"
"1747148174.123909","1747148174.123909","* 2025-05-13","NFCU*","Vijay Srivastva","WE163TH43;U03Q109GQMT","* Summary of Discussion with NFCU We had a brief discussion with NFCU regarding the challenges they are currently facing and their specific use cases. The key points from the conversation are outlined","0","false"
"1746717036.454589","1746717036.454589","* 2025-05-08","NFCU*","Sunny Marwaha","W4R5LUPK3","* *NFCU*: Sharmila, Sreedhar, Aishwarya Current Communication Journey (DSC) that is live is a failover letter generation capability where a scheduled batch is run twice a day which picks up the failed","0","true"
"1746715636.940739","1746715636.940739","* 2025-05-08","Busch Group*","Aditya Nagpal","W4R5WN6LR;WQWCBV6NN;W9QMZFR39;WE163TH43","* Prep meeting with Busch Group and eggs Unimedia to discuss the agenda for the demo scheduled on 13th May.  Primary customer concern is around simplification of templates.  They have 185 templates in","0","true"
"1746695260.441729","1746695260.441729","* 2025-05-07","Charles Shwab*","Sudhanshu Singh","W4XTCQ07J;WQ6GEBZHN","* Charles Shwab is an old AEM Forms customer (originally LiveCycle customer -&gt; moved to OSGi). They are using XDP Forms and want to migrate to HTML5 Forms. • They are on-prem - 6.5.22 • 800-900 for","5","true"
"1746604170.340579","1746604170.340579","* 2025-05-06","FirstBank*","Sudhanshu Singh","W4XTCQ07J","* Tom Sonntag (TAM) reached out: FirstBank team reached out to me to continue working towards their migration of Forms to CC.  I have requested details on number of forms, and if possible the URLs of ","0","true"
"1746543262.415969","1746543262.415969","* 2025-05-06","NFCU*","Vijay Srivastva","WE163TH43;U03Q109GQMT","* Summary of Discussion with NFCU - We had a discussion regarding the challenges NFCU is facing and their specific use cases. Below are the key points discussed: 1. *PDF Preview Issues*:     ◦ NFCU re","0","true"
"1746508900.112879","1746508900.112879","* 2025-05-05","Ford*","Anirudh Aggarwal","W9QMZFR39;W010NNJV7S8;U038XFD63GS","* • The customer was provided with a demo showcasing IC Cloud Editor and its capabilities in comparison to the existing on-premises editors. • The customer expressed positive feedback regarding the en","4","false"
"1746507668.048259","1746507668.048259","* 2025-05-05","Partner - 4Point, Customer - Carpenter*","Sufyan Haroon","W9QMZFR39","* • 4Point is the implementation partner for the net new customer 4Point.  • It is first customer for 4Point on Cloud servicer and OSGI side as well.  • The customer’s use case is data capture using A","3","true"
"1746424327.367189","1746424327.367189","* 2025-04-30","IRS*","Sakshi Arora","W4SG81T9C;W4R5LUPK3;U04P75X4H1B;WLWHN4TV3","* Discussed mostly around submissions and capabilities available in core component based forms. There are a few queries, and ask for support for additional capabilities. :todo_done: *","0","true"
"1746420576.656299","1746420576.656299","* 2025-04-30","LPL Financial*","Darshan Mahor","W4R4VBWQG","* • Customer discuss about mandatory and option forms. • The customer mentioned that, in addition to generating an XDP from the legacy PDF, they also need to create an Adaptive Form. •  They mentioned","3","false"
"1745993504.479779","1745993504.479779","* 2025-04-29","NFCU*","Vijay Srivastva","WE163TH43;U03Q109GQMT;W4R4VBWQG","* *Meeting Summary* We had a productive discussion regarding the issues NFCU is facing and their use cases. Below are the key discussion points: 1. *Data Binding Workflow:*     ◦ Provided a detailed e","0","true"
"1745935569.585889","1745935569.585889","* 2025-04-29","4Point*","Sufyan Haroon","WQWCBV6NN;W9QMZFR39","* • We demoed IC to 4point - Eric and Dave.  • They greatly appreciated it.  • They want it to work to import/export XDPs for existing customers using Output Service and would like to continue using i","0","true"
"1745635974.062459","1745635974.062459","* 2025-04-25","LPL Financial*","Darshan Mahor","W4R4VBWQG;W9QMZFR39","* • *PDF Import Demonstration: W*e demonstrated the process of importing a PDF(customer legacy form) into the designer, highlighting the options available and that can produce the XDP. we also explain","3","true"
"1745595895.634119","1745595895.634119","* 2025-04-25","IRS*","Pankaj .","W4R5LUPK3;U0213T59LMN;WLWHN4TV3;U04P75X4H1B","* *Agenda:* • IRS is in the process of migrating a couple of their multi-signer forms to Core Components and time line is end of June. • Accenture is acting as the implementation partner for this migr","0","true"
"1745508620.418529","1745508620.418529","* 2025-04-24","NFCU*","Sunny Marwaha","W4R5LUPK3","* Customer: Sreedhar, Ashish, Monika and others • :tada: After almost 2 years of VIP engagement, NFCU has gone live with AEM Forms Output (with their custom implementation), with one of their departme","0","true"
"1745490235.841839","1745490235.841839","* 2025-04-21","CNA (partner : forms-source360)*","Devendra Gurjar","","* *Support of `$record` and `$data` API in HTML5 Forms* • The customer has tested *hundreds of forms* using the `resolveNodes()` API and *thousands of XDP-to-HTML5 form conversions*. •  ➤ All issues o","0","false"
"1745465972.890959","1745465972.890959","* 2025-04-23","Toyota Financial Services (TFS)*","Sunny Marwaha","WQWCBV6NN;W5HEU5M7Y","* TFS - Existing IC customer on AMS had connect with Arun during Summit, where they are interested in Cloud based IC, as part of moving to Cloud. • 30% of their usecase is PDF generation - No issues i","0","true"
"1745390825.395479","1745390825.395479","* 2025-04-22","HDFC Life - ACS as implementation partner*","Pankaj .","U04P75X4H1B","* Use case: ACS team reaches out to us to review their custom function regarding for previous and next button in tab. As, they were not aware of using globals and were not sure how to pass field objec","0","false"
"1745389270.783369","1745389270.783369","* 2025-04-22","Abbvie*","Pankaj .","W4XTCQ07J;WLWHN4TV3;U04P75X4H1B","* *Use Case:*  Abbvie intends to automatically save a draft whenever a form submission is triggered. They also want to implement a service that can query these drafts based on form type and timestamp ","0","true"
"1745387862.117089","1745387862.117089","* 2025-04-21","Charles Schwab*","Varun Dua","W6CBB4953;W5HEU5M7Y;WFXFG9B1A","* Customers: • Martin, George • Muravitsky, Valerie • Petty, Michael • Teague, Stephanie • Kolluru, Abhishek • Paracka, Jacob J *Installation*: On Prem  *Background:* We had a meeting with the custome","5","true"
"1745383802.651359","1745383802.651359","* 2025-04-22","Glidewell*","Sakshi Arora","W4SG81T9C;U03SKJ044LV","* Glidewell Dental's setup issue was resolved during the call. :todo_done: *","0","true"
"1745378411.396529","1745378411.396529","* 2025-04-22","Maurice Blackburn*","Gaurav Ahuja","U0213T59LMN;W4RU5J3JR;W4R4S9FS4;U03N27GAZDZ","* • Demonstrated Forms Experience Builder for core components as well as for EDS forms. • Demonstrated Automated Test case generation capability for validating their forms . • Customer Queries - if as","6","true"
"1745335041.678119","1745335041.678119","* 2025-04-22","NFCU*","Vijay Srivastva","WE163TH43;W4R4VBWQG","* Discussion Summary with NFCU - 1. *Font Subset Embedding:* NFCU requested the ability to embed font subsets during PDF preview. We clarified that this feature is available when generating PDFs using","0","true"
"1745205293.573109","1745205293.573109","* 2025-04-17","IRS*","Vijay Kumar Jalagari","","* *Attendees:* • Adobe Engineering, Consulting &amp; License • Accenture Federal Technical, Program, and Account Resources *Agenda:* • Forms Categorization/Prioritization • Technology Approach • Core ","2","false"
"1744912326.949669","1744912326.949669","* 2025-04-17","LPL Financial*","Darshan Mahor","W9QMZFR39;W4R4VBWQG;WE163TH43","* • The customer explained their workflow for fetching the metadata required for e-signature and described the Output Service custom endpoint. • They are making two calls to the AEM repository: one to","4","true"
"1744902425.184379","1744902425.184379","* 2025-04-17","NFCU*","Sunny Marwaha","W4R5LUPK3","* Had Meeting with NFCU Engineers (Ashish and Ashwairya). • NFCU is looking for dates for MVP features to their usecase primarily FDM, Render API, Basic Rules. • Informed them that by *May end* these ","0","true"
"1744888036.289559","1744888036.289559","* 2025-04-17","Unipol(Partner Reply)*","Dhruv Sharma","W4R5LUPK3;W010NNJV7S8;WQWCBV6NN;W9QMZFR39;W011U5RAZ7T","* *Use-Case*  • The current solution Unipol uses for generating PDFs is Pega. They have integrated it in their product and uses it to define the template for communications. • The template is composed","3","true"
"1744825792.076749","1744825792.076749","* 2025-04-16","LPL Financial*","Darshan Mahor","W4R4VBWQG;W9QMZFR39;W5HEU5M7Y","* *Major pain points for Customer that we need to handle in VIP Engagement:* • *Scalability Issues:* Scalability has been identified as a major challenge, it takes significant time and effort  to desi","2","true"
"1744812451.729969","1744812451.729969","* 2025-04-16","INAIL*","Rupali Mittal","U031G7ZLRRC;U0811FXQ61H;W5Y60J4JG;WBZ49D33N","* *Discussion on Accessibility Issues in INAIL Forms:* • We reviewed the accessibility issues related to the forms being created by INAIL. • The accessibility team provided several comments, which can","0","false"
"1744717007.197449","1744717007.197449","* 2025-04-15","Deutsche Bank*","Sufyan Haroon","W9QMZFR39;U036QHTDSQJ","* • A general discussion happened around how would we handle DB’s migration from older CM to IC on CS.  • We discussed about VIP engagement to to do a pilot migration of couple of letters. As an outco","2","false"
"1744716758.455559","1744716758.455559","* 2025-04-15","Busch Group*","Sufyan Haroon","W9QMZFR39;U03C9JC5FMW","* • The proposal was well received and we have moved to next stage of RFP.  • A call with reference customer from Austria, Constantia Teich is scheduled on April 22, 2025.  • Post this, we will move t","1","true"
"1744716421.126959","1744716421.126959","* 2025-04-14","Italian Customers -- INAIL &amp; INPS*","Sufyan Haroon","W9QMZFR39;U036QHTDSQJ","* *INAIL* • *Inail Executive Meeting:* Emanuele shared that the executive meeting with Inail was successful, and the client is happy with the technologies being used. They discussed the progress and e","2","false"
"1744371951.163669","1744371951.163669","* 2025-04-09","KBC: Multi modal forms pitch*","Chris J","W010NNJV7S8","* • Showcased a demo of multi-modal forms to KBC stakeholders to excite them of the feature and get some validation. • They appreciated the feature, but preferred only the conversational screen withou","0","true"
"1744298197.930249","1744298197.930249","* 2025-04-10","NFCU*","Darshan Mahor","U03Q109GQMT","* *Discussion Summary*  *IC Editor Issue:*  As of now we don't have any open issue with Editor . • MasterPage Option: The MasterPage option in the editor is causing confusion for customers. It needs t","2","true"
"1744273244.954249","1744273244.954249","* 2025-04-09","Wells Fargo*","Rupali Mittal","U031G7ZLRRC;W9WQCDCLU;U0811FXQ61H;U02EA5JPPJL;U054BJ1RSKX","* • The meeting was held to address the issue(<https://jira.corp.adobe.com/browse/LC-3922633>)  raised by Four Solutions Partner on behalf of Wells Fargo. Wells Fargo was not aware of this and wanted ","0","true"
"1744251122.295539","1744251122.295539","* 2025-04-09","IRS (DMAF account)*","Sudhanshu Singh","W4XTCQ07J;W5MFNAZ63;W011G64JM5W;WGQ0R5GNN;W5L7W5N0Y;U04RJDQHH43;U049MU7BPDF;U04BQ34BE4X","* • Internal meeting - after Emily connected with Accenture Federal • They shared an update that they have ~ 200 forms to be modernised, the actual forms are yet to be finalized • They want to identif","0","true"
"1743762033.710979","1743762033.710979","* 2025-04-03","Brunswick*","Rahul Kumar Singh","W5HEU5M7Y;W4RU4N66R;U0213T59LMN;WLWHN4TV3","* *AEM Forms &amp; Marketo Integration Demonstration* • *Presenter:* Rahul Kumar Singh introduced AEM Forms and its Marketo integration. • *Demonstration:* Showcased form authoring, data flow, and lea","4","false"
"1743744842.640529","1743744842.640529","* 2025-04-03","GM Financial*","Vijay Srivastva","W5HEU5M7Y;W4R5WN6LR;WE163TH43;W4R5LUPK3;WQWCBV6NN","* *Customer Summary: GMF*  *Use Case:* GMF aims to create templates, documents, and fragments, and generate print-ready PDFs using data in XML or JSON formats.  *Customer's Current Workflow:* • Curren","0","true"
"1743742029.638509","1743742029.638509","* 2025-04-03","NFCU*","Vijay Srivastva","WE163TH43;W4R4VBWQG;U03Q109GQMT","* *Discussion Summary* *Issues Faced:* 1. *Redirection Issue:* NFCU is experiencing a problem where clicking the edit option in Document, FM does not redirect to the correct ORG. 2. *Fragment Issue:* ","0","false"
"1743694263.610439","1743694263.610439","* 2025-04-03","FORD*","Ranjeet Kumar Choudhary","W5HEU5M7Y;W4R5LUPK3;W010NNJV7S8;W4R5WN6LR;WQWCBV6NN","* Use Case: Generate static PDF documents (currently using Pinnacle VB-based system) Customer Background: • The customer has 500 documents created using Interactive Communications (IC) in the print ch","0","false"
"1743694244.944359","1743694244.944359","* 2025-04-02","Cintas*","Sakshat Chahal","U0213T59LMN;W4RU4N66R;W010NNJV7S8;W4RU5J3JR;U05DURMMBGV;WALHLA4PP","* Customer's Requirements:  The customer shared an automation process flow for their Policy Exception (PE) form, outlining the steps involved when a submitter submits a form. They wanted us to create ","3","false"
"1743614921.260569","1743614921.260569","* 2025-04-02","LPL Financial*","Darshan Mahor","W9QMZFR39;W4RSW3ECC;W4R5LUPK3;W5HEU5M7Y;W4R4S9FS4;W010NNJV7S8","* *Current Document Generation flow* • The customer fetches JSON data from a web service (BPM tool used for account creation, which extracts form field data and persists it in a database). • JSON is t","2","false"
"1743574464.470509","1743574464.470509","* 2025-04-01","NFCU*","Vijay Srivastva","WE163TH43;U03Q109GQMT;W4R4VBWQG","* *Discussion Summary*  *Issues with the Editor* 1. *Resolved Issues:*     ◦ NFCU has confirmed that the earlier issues related to Fragment Width and PDF Preview have been fixed. 2. *Pending Issues:* ","2","true"
"1743504476.049889","1743504476.049889","* 2025-04-01","UBS*","Sakshi Arora","W4SG81T9C;U03H467JYQP","* Customer needed clarification on product behaviour, which was provided. They would be sending some server logs to support for analysis. :todo_done: *","0","false"
"1743494486.677729","1743494486.677729","* 2025-03-28","DKV Mobility*","Ravisanker E","W4RU4N66R;W012PACNGHJ;WLWHN4TV3","* • The customer has decided to proceed with the Universal Editor (UE) for forms authoring. • Explained the Form Data Model (FDM) support available in Forms, allowing integration with any open API. De","4","false"
"1743094442.256779","1743094442.256779","* 2025-03-20","Farm Credit Services of America (FCSA)*","Vijay Kumar Jalagari","W6CBB4953;W4RU4N66R;W4R4S9FS4;W5HEU5M7Y","* *Forms License:* *Yes,  Cloud* *Primary Use Case:* Regulated Communication &amp; Adaptive Forms. *Adobe Products in Use:* Sites &amp; Assets In 2023, *FCSA invested in AEM Forms as a Cloud Service*.","0","true"
"1743094393.478349","1743094393.478349","* 2025-03-19","LPL*","Vijay Kumar Jalagari","W6CBB4953;W4R4S9FS4;W5HEU5M7Y;W4RU4N66R","* *Forms License:* *Yes,  Cloud* *Primary Use Case:* Regulated Communication &amp; Adaptive Forms. *Adobe Products in Use:* Sites &amp; Assets *Attendees:* Betsy (VP), Naveen Sharma (Manager)   *Curre","3","false"
"1743094332.195609","1743094332.195609","* 2025-03-19","Abbvie*","Vijay Kumar Jalagari","W6CBB4953;W4R4S9FS4;W5HEU5M7Y;W4RU4N66R","* *Forms License:* *Yes, On-prem to Cloud* *Primary Use Case:* Adaptive Forms. *Adobe Products in Use:* Sites &amp; Assets *Attendees:* Joe George (Director), Shivendra Vikram Singh (Platform Manager)","0","false"
"1743094263.729979","1743094263.729979","* 2025-03-18","Charles Schwab*","Vijay Kumar Jalagari","W6CBB4953;W4R4S9FS4;W5HEU5M7Y;W4RU4N66R","* *Forms License:* *Yes, On-prem* *Primary Use Case:* HTML 5 Forms. *Adobe Products in Use:* DAM &amp; Ultimate Success *Attendees:* Michaell (Platform Manager), George (Platform Manager), Abhishek (S","0","false"
"1743078577.561109","1743078577.561109","* 2025-03-27","HDFC Bank*","Deepak Maurya","W0177TQA62U","* Bank is updating Flow JSON version of *SmartEMI WhatsApp* journey. I shared latest json on 13th March that had minimal changes but Bank wanted to test end to end journey on their internal WABA accou","0","false"
"1743069849.358279","1743069849.358279","* 2025-03-27","NedBank*","Rishi Mehta","W4R5M9P4H;W4SG81T9C","* Demonstrated Items:  1. JSON Schema Conversion Demo 2. Creating Adaptive Form Fragments 3. Mapping and Formatting in Adaptive Forms 4. Dynamic Fragment Display Based on Data Open Items Related to Au","0","false"
"1743053506.705239","1743053506.705239","* 2025-03-27","Spark NZ*","Navneet Agarwal","U0213T59LMN;WLWHN4TV3;W4R5M9P4H","* • The team presented the GenAI capabilities in forms manager, core components form editor and Universal editor. Features demonstrated:     ◦ Figma to AF (FM)     ◦ User query to AF (FM)     ◦ Add pa","3","true"
"1742987166.130449","1742987166.130449","* 2025-03-25","Iberia*","Sufyan Haroon","W4R5WN6LR;W9QMZFR39;W4A8FCM7W","* Iberia is a European airline. This is a prospect customer. The communication is happening via email. They have a sample PDF which is a booking confirmation. We are currently working to create XDP/IC","2","true"
"1742924442.462169","1742924442.462169","* 2025-03-25","State of Pennsylvania Office of Administration*","Sudhanshu Singh","W4XTCQ07J;WBTGD8NCR","* *Current project relies on having users sign forms using either Scribble or Adobe Sign* (Foundation components based forms - since we never added these to core-components)  They require Adobe to add","0","true"
"1742921869.659799","1742921869.659799","* 2025-03-25","IRS (Internal meeting)*","Sudhanshu Singh","W4XTCQ07J;W5MFNAZ63;WPJSSF62C","* *Internal sync-up for concerns raised by IRS regarding multiple hotfixes delivered, and how we could avoid hotfix.*  *Issue:* • The IRS features/support have a special requirement to introduce sling","4","true"
"1742560750.719689","1742560750.719689","* 2025-03-21","Spark NZ*","Rahul Kumar Singh","U0213T59LMN;U03N27GAZDZ","* *Discussion Agenda: New OOTB Marketo Connector* • Brad from the Spark NZ team highlighted a few minor issues and suggestions, including improvements to the Marketo Cloud Configuration screen and ens","1","true"
"1742483591.211769","1742483591.211769","* 2025-03-20","NFCU*","Vijay Srivastva","WE163TH43","* *Discussion Summary* *Issues with the Editor:* 1. *Fragment Width*: The fragment does not have the correct width when dropped on the canvas during document creation. This issue arises when the fragm","1","false"
"1742354852.195479","1742354852.195479","* 2025-03-18","IRS W&amp;I Media &amp; Publications*","Sudhanshu Singh","W4XTCQ07J;U02RMEY3D1C","* _[Generated by AI]_ Meeting notes: *Key points:* They have around *100 forms to be created* (from PDF, and move existing AFv1 to AFv2), and they are on *on-prem Gov Cloud*. Performance is critical a","7","true"
"1741879185.057409","1741879185.057409","* 2025-03-13","NFCU*","Vijay Srivastva","WE163TH43;U03Q109GQMT","* Here's a summary based on our discussion with the NFCU: • *Navigation Functionality*: Confirmed to be working fine by NFCU. • *Requested Use Cases for Agent* (Different role than Author):     a. Sel","1","true"
"1741861531.215819","1741861531.215819","* 2025-03-11","Clark County*","Lovely Mandal","W4RU4N66R;W012PACNGHJ;U01G51VDXB8","* • Customer Use case :      ◦ Total number of Forms : 20      ◦ Future use case: Clark County has PDF forms and would like to migrate to web-based forms.     ◦ Customer would like to explore AEM form","2","false"
"1741278995.147779","1741278995.147779","* 2025-03-06","NFCU*","Vijay Srivastva","WE163TH43;U03Q109GQMT;W4R5WN6LR;U061P671RN1","* *Discussion Summary:* 1. ETA for FDM , render API and Rule Editor:     ◦ Communicated ETA: April 2. ETA for New Feature Requests:     ◦ Signature Component: No ETA yet     ◦ Barcode (other than Code","2","true"
"1741238406.467149","1741238406.467149","* 2025-03-05","INAIL &amp; INPS*","Sufyan Haroon","W9QMZFR39;U036QHTDSQJ","* *INAIL* • Their private end point for connection to Azure Blob store has started working.  • They will now test the code for Output Batch, move to UAT, then to pre-prod and then live.  • Validation ","2","true"
"1740744466.645149","1740744466.645149","* 2025-02-27","NFCU*","Vijay Srivastva","WE163TH43;U03Q109GQMT;WQWCBV6NN;W010NNJV7S8","* *Discussion Summary:* 1. *ETA for FDM Integration:*     ◦ We communicated that the estimated time for the FDM integration is early April. 2. *Webhooks and Customizations:*     ◦ The NFCU team inquir","0","false"
"1740064440.189899","1740064440.189899","* 2025-02-20","SunPharma*","Mayank Agarwal","U0208FN960H;W4RU5J3JR;W4R4S9FS4;W010NNJV7S8;U0213T59LMN","* *Q2’25 (opportunity)* *SunPharma side - Sr Director (IT)*  Adobe side - Solution COnsulting team - Chinmay and Navin *Partner - Depth (may be)* *Metrics:*  • *100+ forms* • *20-30k submissions per y","0","true"